,category,precision_@0.6IOU,recall_@0.6IOU
0,Good,0.0015316867700555237,0.1702127659574468
1,Bad,0.012769520619635755,0.953125
