,category,precision_@0.5IOU,recall_@0.5IOU
0,Good,0.0013402259237985832,0.14893617021276595
1,Bad,0.01256018421603517,0.9375
